{"mean": [87.9256243538485, 2.4824114346534896, 83.50540975372405, 92.22032298068413, 8.714913226960231, 87.95433697468673, 63.58654230264916, 2.4261041290546914, 46.79216055930451, 90.61579443360736, 43.82363387430298, 63.46264913582055], "std": [12.016067428542978, 1.5797150113921616, 12.671738161921342, 11.62550753197294, 4.831165345686368, 12.10421172547919, 0.8471507477265474, 2.8815609152395805, 13.011368603005254, 28.604998471188672, 40.391269776081465, 0.7745446565689852]}