{"mean": [0.0019433235188135339, 52.29936503684493, -307.02220072826435, 274.88085343650744, 581.9030541647718, 3.6934080564405996, 63.58654230264916, 2.4261041290546914, 46.79216055930451, 90.61579443360736, 43.82363387430298, 63.46264913582055], "std": [0.38579051145300847, 41.623633086818366, 261.63925583032767, 239.7110331393123, 483.78876509358247, 3.317499908310091, 0.8471507477265474, 2.8815609152395805, 13.011368603005254, 28.604998471188672, 40.391269776081465, 0.7745446565689852]}